timestamp_ns	elapsed_ms	rss_kib	hwm_kib	threads	cpu_percent	cgroup_current	cgroup_peak	version_http	health_http
1788891962728602728	23	18816	18944	7	100	60706816	128741376	000	000
1788891963746440433	1040	18944	18944	7	0.9	58556416	128741376	000	000
1788891964765951321	2060	18944	18944	7	0.4	58707968	128741376	000	000
1788891965783521753	3078	18944	18944	7	0.3	58142720	128741376	000	000
1788891966809386676	4103	18944	18944	7	0.2	58191872	128741376	000	000
1788891967828185977	5122	18944	18944	7	0.1	58507264	128741376	000	000
1788891968846454704	6141	18944	18944	7	0.1	58470400	128741376	000	000
1788891969865594297	7160	18944	18944	7	0.1	58159104	128741376	000	000
1788891970882888077	8177	18944	18944	7	0.1	59035648	128741376	000	000
1788891971902544103	9197	18944	18944	7	0.1	58138624	128741376	000	000
1788891972930641778	10225	18944	18944	7	0.0	58015744	128741376	000	000
1788891973948134290	11242	18944	18944	7	0.0	58458112	128741376	000	000
1788891974966475529	12261	18944	18944	7	0.0	59142144	128741376	000	000
1788891975996155752	13290	18944	18944	7	0.0	58912768	128741376	000	000
1788891979021125506	16315	18944	18944	7	0.0	58572800	128741376	000	000
1788891980037641717	17332	18944	18944	7	0.0	58462208	128741376	000	000
1788891981057114179	18351	18944	18944	7	0.0	59047936	128741376	000	000
1788891982074826640	19369	18944	18944	7	0.0	58888192	128741376	000	000
1788891983094619665	20389	18944	18944	7	0.0	58540032	128741376	000	000
1788891984115456767	21410	18944	18944	7	0.0	58744832	128741376	000	000
1788891985136522333	22431	18944	18944	7	0.0	58572800	128741376	000	000
1788891986154050759	23448	18944	18944	7	0.0	58105856	128741376	000	000
1788891987178555034	24473	18944	18944	7	0.0	58753024	128741376	000	000
1788891988198505504	25493	18944	18944	7	0.0	58998784	128741376	000	000
1788891989215466511	26510	18944	18944	7	0.0	58662912	128741376	000	000
1788891990233830151	27528	20172	20480	7	1.4	60190720	128741376	000	000
1788891991250597068	28545	20940	20940	7	3.1	60145664	128741376	000	000
1788891992268841435	29563	20940	20940	7	4.6	60686336	128741376	000	000
1788891993285931723	30580	20940	20940	7	6.0	61054976	128741376	000	000
1788891994303543278	31598	21184	21324	7	7.3	60456960	128741376	000	000
1788891995326236886	32620	21148	21440	7	8.7	61100032	128741376	000	000
1788891996343948259	33638	21148	21440	8	10.1	60211200	128741376	000	000
1788891997374683181	34669	21660	21660	8	11.5	61149184	128741376	000	000
1788891998396934078	35691	21652	21916	8	12.8	61026304	128741376	000	000
1788891999419778345	36714	25912	25912	8	14.1	64385024	128741376	200	200
1788892000440239975	37734	94708	94708	8	16.7	134496256	135708672	200	200
1788892001459774345	38754	94708	94708	8	16.9	134627328	136777728	200	200
1788892002479753373	39774	94708	94708	8	17.0	133955584	137097216	200	200
1788892003516638138	40811	94708	94708	8	17.0	134361088	137097216	200	200
1788892004541553223	41836	94708	94708	8	17.0	134205440	137097216	200	200
1788892005578688912	42873	94708	94708	8	17.0	133529600	137097216	200	200
1788892006632574927	43927	95220	95220	8	17.4	134701056	137097216	200	200
1788892007652886324	44947	95220	95220	8	18.2	135020544	137699328	200	200
1788892010453895592	47748	95476	95476	8	18.9	134938624	137699328	200	200
1788892011481627972	48776	96756	96756	8	19.6	136593408	137846784	200	200
1788892012512147491	49806	106100	106100	8	20.3	145719296	147247104	200	200
1788892013541441726	50835	106100	106100	8	20.9	145993728	148078592	200	200
1788892014579162557	51873	119028	119028	8	21.5	159113216	161112064	200	200
1788892015620526631	52915	122996	122996	8	22.1	163119104	164462592	200	200
1788892016655645610	53950	122996	122996	8	22.6	162578432	164966400	200	200
1788892017695023788	54989	131444	131444	8	23.0	173309952	174272512	200	200
1788892018723694284	56018	145908	145908	8	23.5	186777600	188379136	200	200
1788892019758239562	57052	158068	158068	8	24.1	198922240	200679424	200	200
1788892020799332682	58093	158068	158068	8	24.5	199348224	201158656	200	200
1788892021830244635	59124	158068	158068	8	24.9	199188480	201203712	200	200
1788892022864667829	60159	161396	161396	8	25.3	203100160	204312576	200	200
1788892023893507649	61188	177780	177780	8	25.8	220061696	221556736	200	200
1788892024920778850	62215	191092	191092	8	26.2	233889792	235130880	200	200
1788892025949844718	63244	191092	191092	8	26.6	233226240	235999232	200	200
1788892026976937413	64271	191092	191092	8	26.9	233119744	235999232	200	200
1788892028006285612	65300	191092	191092	8	27.2	233881600	235999232	200	200
1788892029025746214	66320	197364	197492	8	27.6	240443392	242257920	200	200
1788892030046172634	67340	214772	214772	8	28.0	257363968	259035136	200	200
1788892031073787485	68368	233076	233076	8	28.3	275939328	277577728	200	200
1788892032102962458	69397	233588	233588	8	28.7	276541440	278691840	200	200
1788892033122939269	70417	233588	233588	8	29.0	276926464	279269376	200	200
1788892034153039743	71447	233588	233588	8	29.3	276574208	279269376	200	200
1788892035176067455	72470	233588	233588	8	29.5	276480000	279269376	200	200
1788892036212095437	73506	236532	236532	8	29.7	279977984	281104384	200	200
1788892037256666233	74551	247028	247028	8	29.9	290680832	291753984	200	200
1788892038280407610	75574	264820	264820	8	30.1	308830208	310071296	200	200
1788892039313704169	76608	281716	281716	8	30.4	326594560	327540736	200	200
1788892041103880858	78398	286708	286708	8	30.8	331108352	332619776	200	200
1788892043169163641	80463	286708	286708	8	31.0	330948608	333590528	200	200
1788892044200231493	81494	286708	286708	8	31.3	331603968	333590528	200	200
1788892045219356142	82513	286708	286708	8	31.5	331452416	334315520	200	200
1788892046237204644	83531	286708	286708	8	31.7	331296768	334315520	200	200
1788892047259217838	84553	294388	294388	8	31.9	339152896	340860928	200	200
1788892048277502695	85572	311668	311668	8	32.1	357822464	358637568	200	200
1788892049302554920	86597	329204	329204	8	32.3	374812672	376725504	200	200
1788892050340803697	87635	346612	346612	8	32.5	392732672	394301440	200	200
1788892051359439960	88653	353908	353908	8	32.8	400031744	401850368	200	200
1788892052399818833	89694	353908	353908	8	33.0	400695296	402337792	200	200
1788892053419362719	90713	353908	353908	8	33.1	400277504	402853888	200	200
1788892054436817128	91731	353908	353908	8	33.3	401022976	402853888	200	200
1788892055458053381	92752	353908	353908	8	33.5	400351232	403214336	200	200
1788892056482243978	93776	353908	353908	8	33.7	400474112	403214336	200	200
1788892057510719678	94805	360052	360052	8	33.8	406847488	408358912	200	200
1788892058529515137	95824	375284	375412	8	34.0	422293504	424075264	200	200
1788892059552910207	96847	393684	393940	8	34.2	441933824	443731968	200	200
1788892060570136897	97864	411988	411988	8	34.4	460378112	461881344	200	200
1788892061587781415	98882	431316	431316	8	34.6	480653312	482017280	200	200
1788892062606219743	99900	437076	437076	8	34.8	485576704	487342080	200	200
1788892063629647409	100924	437076	437076	8	34.9	485945344	488316928	200	200
1788892064648400516	101942	437076	437076	8	35.1	485646336	488316928	200	200
1788892065667780448	102962	437076	437076	8	35.2	485240832	488316928	200	200
1788892066705283763	103999	437204	437204	8	35.4	485703680	488316928	200	200
1788892067723525660	105018	462548	462548	8	35.5	511823872	513073152	200	200
1788892068742238708	106036	502356	502356	8	35.5	552693760	553930752	200	200
1788892069761270297	107055	542292	542292	8	35.6	593715200	594690048	200	200
1788892070790892321	108085	557908	557908	8	35.8	609873920	611389440	200	200
1788892071809742003	109104	557908	557908	8	35.8	609759232	612020224	200	200
1788892074665165184	111959	557908	557908	8	35.9	609812480	612020224	200	200
1788892075690499352	112985	557908	557908	8	35.9	609796096	612020224	200	200
1788892076716349864	114010	592404	592404	8	36.1	645246976	647008256	200	200
1788892077733907916	115028	594324	594324	8	36.1	647032832	648556544	200	200
1788892078752391392	116046	594324	594324	8	36.2	646828032	650158080	200	200
1788892079778593165	117073	594324	594324	8	36.2	647081984	650158080	200	200
1788892080801394016	118095	594324	594324	8	36.3	647311360	650158080	200	200
1788892081821412435	119115	594580	594580	8	36.3	647688192	650158080	200	200
1788892082843523272	120138	595068	595220	8	36.5	648069120	650194944	200	200
1788892083861122568	121155	595068	595220	8	36.5	648392704	650194944	200	200
1788892084883032913	122177	595068	595220	8	36.5	648462336	650489856	200	200
1788892085901269033	123195	595068	595220	8	36.6	647823360	650489856	200	200
1788892086921217734	124215	595144	595220	8	36.7	647729152	650489856	200	200
1788892087943533421	125238	595144	595220	8	36.7	647487488	650489856	200	200
1788892088967402943	126261	595144	595220	8	36.8	647421952	650489856	200	200
1788892089994430633	127288	595144	595220	8	36.8	647974912	650489856	200	200
1788892091025264811	128319	595144	595220	8	36.8	648028160	650489856	200	200
1788892092051793371	129346	595272	595272	8	36.8	648089600	650489856	200	200
1788892093075616157	130370	595244	595656	8	36.9	648019968	650489856	200	200
1788892094097804333	131392	595244	595656	8	36.9	647311360	650489856	200	200
1788892095132713720	132427	595244	595656	8	36.9	647213056	650489856	200	200
1788892096164018330	133458	595244	595656	8	36.9	647196672	650489856	200	200
1788892097203330824	134497	595244	595656	8	37.0	647925760	650489856	200	200
1788892098225190195	135519	595244	595656	8	37.0	648019968	650489856	200	200
1788892099247582373	136542	596780	596780	8	37.3	649826304	651321344	200	200
1788892100267652994	137562	596780	596780	8	37.3	649801728	652128256	200	200
1788892101287646700	138582	596780	596780	8	37.4	649748480	652275712	200	200
1788892102318358760	139612	596780	596780	8	37.4	649273344	652275712	200	200
1788892103342122403	140636	596780	596780	8	37.5	649781248	652275712	200	200
1788892106205905224	143500	595212	596780	8	37.6	647905280	652537856	200	200
1788892107229418291	144523	595212	596780	8	37.6	647499776	652537856	200	200
1788892108256321950	145550	595212	596780	8	37.6	647872512	652537856	200	200
1788892109274900545	146569	595212	596780	8	37.7	648011776	652537856	200	200
1788892110296154822	147590	595212	596780	8	37.7	648028160	652537856	200	200
1788892111324397186	148618	595212	596780	8	37.9	647430144	652537856	200	200
1788892112347173492	149641	595212	596780	8	37.9	647647232	652537856	200	200
1788892113369280003	150663	595212	596780	8	37.9	648196096	652537856	200	200
1788892114393925110	151688	595212	596780	8	37.9	647737344	652537856	200	200
1788892115419621190	152714	595212	596780	8	38.0	648486912	652537856	200	200
1788892116438821664	153733	595212	596780	8	38.0	647692288	652537856	200	200
1788892117463700698	154758	595212	596780	8	38.1	647823360	652537856	200	200
1788892118487134931	155781	595212	596780	8	38.1	648531968	652537856	200	200
1788892119504987680	156799	595212	596780	8	38.1	648208384	652537856	200	200
1788892120525364505	157819	595212	596780	8	38.1	647716864	652537856	200	200
1788892121550806246	158845	595212	596780	8	38.2	647905280	652537856	200	200
1788892122569023465	159863	595212	596780	8	38.2	647823360	652537856	200	200
1788892123587038598	160881	595212	596780	8	38.2	647532544	652537856	200	200
1788892124604956602	161899	595212	596780	8	38.3	647696384	652537856	200	200
1788892125625101661	162919	595212	596780	8	38.3	648003584	652537856	200	200
1788892126643924661	163938	595212	596780	8	38.4	647745536	652537856	200	200
1788892127663317343	164957	595212	596780	8	38.4	648605696	652537856	200	200
1788892128681849983	165976	595212	596780	8	38.4	647299072	652537856	200	200
1788892129707291866	167001	595212	596780	8	38.4	648003584	652537856	200	200
1788892130725142131	168019	595468	596780	8	38.5	648724480	652537856	200	200
1788892131743842785	169038	595468	596780	8	38.5	648359936	652537856	200	200
1788892132763183581	170057	595468	596780	8	38.5	648425472	652537856	200	200
1788892133780823649	171075	595468	596780	8	38.5	648192000	652537856	200	200
1788892134799090414	172093	595468	596780	8	38.5	648560640	652537856	200	200
1788892136623717402	173918	595172	596780	8	38.6	647979008	652537856	200	200
1788892138690473989	175985	595172	596780	8	38.6	647503872	652537856	200	200
1788892139711722964	177006	595172	596780	8	38.6	648175616	652537856	200	200
1788892140735406091	178029	595172	596780	8	38.6	648630272	652537856	200	200
1788892141758363472	179052	595172	596780	8	38.6	648126464	652537856	200	200
1788892142783240567	180077	595172	596780	8	38.7	647831552	652537856	200	200
1788892143803829438	181098	595172	596780	8	38.7	647966720	652537856	200	200
1788892144823709602	182118	595172	596780	8	38.8	647827456	652537856	200	200
1788892145852561638	183147	595172	596780	8	38.8	647827456	652537856	200	200
1788892146879148175	184173	595172	596780	8	38.8	648048640	652537856	200	200
1788892147918907968	185213	595172	596780	8	38.8	648044544	652537856	200	200
1788892148945700951	186240	595172	596780	8	38.9	647770112	652537856	200	200
1788892149963309945	187257	595172	596780	8	38.9	648978432	652537856	200	200
1788892150984582155	188279	595172	596780	8	38.9	648282112	652537856	200	200
1788892152003687807	189298	595172	596780	8	38.9	648200192	652537856	200	200
1788892153030242784	190324	596964	596964	8	39.0	649596928	652537856	200	200
1788892154059155546	191353	596964	596964	8	39.0	648921088	652537856	200	200
1788892155086298556	192380	596964	596964	8	39.0	649527296	652537856	200	200
1788892156109433229	193403	596964	596964	8	39.0	648896512	652537856	200	200
1788892157157137410	194451	596964	596964	8	39.0	649568256	652537856	200	200
1788892158179407293	195473	596964	596964	8	39.0	649990144	652537856	200	200
1788892159214331298	196508	597444	597604	8	39.2	650424320	652537856	200	200
1788892160238440575	197532	597444	597604	8	39.2	649625600	652537856	200	200
1788892161257326262	198551	597444	597604	8	39.2	649527296	652537856	200	200
1788892162286482319	199581	597444	597604	8	39.2	650407936	652537856	200	200
1788892163306388007	200600	595340	597604	8	39.3	647602176	652595200	200	200
1788892164324650716	201619	595340	597604	8	39.3	648257536	652595200	200	200
1788892165348733916	202643	595340	597604	8	39.3	647561216	652595200	200	200
1788892166370013425	203664	595340	597604	8	39.3	648396800	652595200	200	200
1788892167388002106	204682	595340	597604	8	39.3	648122368	652595200	200	200
1788892170275091420	207569	595340	597604	8	39.4	648364032	652595200	200	200
1788892171303520513	208598	595340	597604	8	39.4	647761920	652595200	200	200
1788892172333820062	209628	595340	597604	8	39.4	648052736	652595200	200	200
1788892173351582318	210646	595340	597604	8	39.4	647995392	652595200	200	200
1788892174383016306	211677	595340	597604	8	39.4	647643136	652595200	200	200
1788892175405087843	212699	595340	597604	8	39.6	647856128	652595200	200	200
1788892176429661057	213724	595340	597604	8	39.6	648024064	652595200	200	200
1788892177449304571	214743	595340	597604	8	39.6	648114176	652595200	200	200
1788892178475857052	215770	595340	597604	8	39.6	647884800	652595200	200	200
1788892179493411837	216787	595340	597604	8	39.6	648404992	652595200	200	200
1788892180511596441	217806	595340	597604	8	39.7	647610368	652595200	200	200
1788892181540777565	218835	595340	597604	8	39.7	647888896	652595200	200	200
1788892182559386602	219853	595340	597604	8	39.7	648437760	652595200	200	200
1788892183578354679	220872	595340	597604	8	39.7	648540160	652595200	200	200
1788892184596521441	221891	595340	597604	8	39.8	648134656	652595200	200	200
1788892185617208092	222911	595340	597604	8	39.8	648413184	652595200	200	200
1788892186644539671	223939	595340	597604	8	39.8	647823360	652595200	200	200
1788892187668095880	224962	595340	597604	8	39.8	647831552	652595200	200	200
1788892188685306713	225979	595340	597604	8	39.8	647548928	652595200	200	200
1788892189703764112	226998	595340	597604	8	39.8	647782400	652595200	200	200
1788892190722836629	228017	595340	597604	8	39.8	647921664	652595200	200	200
1788892191741706633	229036	595340	597604	8	39.9	647815168	652595200	200	200
1788892192762173674	230056	595340	597604	8	39.9	647921664	652595200	200	200
1788892193780969936	231075	595340	597604	8	39.9	648232960	652595200	200	200
1788892194801741088	232096	595340	597604	8	39.9	647512064	652595200	200	200
1788892195830183817	233124	595340	597604	8	39.9	647831552	652595200	200	200
1788892196860991302	234155	595340	597604	8	39.9	648495104	652595200	200	200
1788892197880723825	235175	595340	597604	8	39.9	647835648	652595200	200	200
1788892198905147281	236199	595340	597604	8	39.9	648019968	652595200	200	200
1788892201769121333	239063	595340	597604	8	40.0	647962624	652595200	200	200
1788892202788198294	240082	595340	597604	8	39.9	648081408	652595200	200	200
